tenor_years,rate
1.0,0.03909602549412148
2.0,0.03983603461784126
3.0,0.03985811073796624
4.0,0.03995962937948158
5.0,0.04027875975000871
6.0,0.04076110172434192
7.0,0.041340516552765445
8.0,0.041970453295716845
9.0,0.042621878280190754
10.0,0.04327625379742146
